<?xml version="1.0" encoding="UTF-8"?>
<project-private xmlns="http://www.netbeans.org/ns/project-private/1">
    <editor-bookmarks xmlns="http://www.netbeans.org/ns/editor-bookmarks/2" lastBookmarkId="0"/>
    <open-files xmlns="http://www.netbeans.org/ns/projectui-open-files/2">
        <group>
            <file>file:/C:/Users/Prithpal%20Sooriya/Desktop/Wed-Dev/UWE-UFCFR5-15-3-Assignment/WebDevAssignment/sites/LineChart.html</file>
            <file>file:/C:/Users/Prithpal%20Sooriya/Desktop/Wed-Dev/UWE-UFCFR5-15-3-Assignment/WebDevAssignment/scripts/JSONCreatorLineChart.php</file>
        </group>
    </open-files>
</project-private>
